,tweets,id,language,len,date,source,likes,retweets,sentiment
0,"RT @PakistaninSeoul: Ambassador Mumtaz Zahra Baloch @Mumtazzb held a meeting with Mr. XING Haiming, Ambassador of China in South Korea. Theâ€¦",1244781119326703618,en,140,2020-03-31 00:18:40,Twitter for iPhone,0,8,0.0
1,"RT @MFA_China: Venezuela is an independent sovereign state. We oppose violation of Venezuela's sovereignty, interference in its domestic afâ€¦",1244640740153622528,en,140,2020-03-30 15:00:51,Twitter for iPhone,0,235,0.0
2,"RT @MFA_China: China is practicing ""mask diplomacy""? Do those speaking ill of China rather want us to stand by while other countries sufferâ€¦",1244640596293230604,en,140,2020-03-30 15:00:17,Twitter for iPhone,0,350,-0.3125
3,RT @MFA_China: The Chinese government sent medical experts &amp; supplies to Pakistan and helps build a temporary hospital for isolation. Localâ€¦,1244640578702368769,en,144,2020-03-30 15:00:12,Twitter for iPhone,0,269,0.0
4,"RT @SpokespersonCHN: China is practicing ""mask propaganda""? Do those badmouthing China rather want us to stand by &amp; turn blind to others' sâ€¦",1244629221609267202,en,144,2020-03-30 14:15:05,Twitter for iPhone,0,756,-0.3
5,RT @SpokespersonCHN: Chinese companies are working around the clock to make more medical supplies for those suffering from #COVID19. The reâ€¦,1244629213120004096,en,140,2020-03-30 14:15:03,Twitter for iPhone,0,1150,0.16666666666666666
6,"RT @CGTNOfficial: Former #NBA All-Star Stephon Marbury 
@StarburyMarbury to help deliver 10 million N95 masks from China to #NewYork amid #â€¦",1244602076505595906,en,140,2020-03-30 12:27:13,Twitter for iPhone,0,42,0.0
7,RT @CGTNOfficial: Several shopping malls in #Wuhan have resumed service on Monday after being closed for two months as part of the #coronavâ€¦,1244602001373032449,en,140,2020-03-30 12:26:55,Twitter for iPhone,0,106,-0.05
8,RT @CGTNOfficial: ğŸ‡¨ğŸ‡³ğŸ‡®ğŸ‡¹ #COVID19 pandemic: Speaking to Chinese experts in Italy https://t.co/5CpzMDKYzQ,1244601949212688388,en,102,2020-03-30 12:26:42,Twitter for iPhone,0,53,0.0
9,RT @CGTNOfficial: ğŸ‡¨ğŸ‡³ğŸ‡ºğŸ‡¸ The first shipment of medical supplies from #China arrived in New York City on Sunday to help the U.S. fight #COVID1â€¦,1244601837786771457,en,140,2020-03-30 12:26:16,Twitter for iPhone,0,886,0.12878787878787878
10,RT @CGTNOfficial: China warns against politicizing defective #masks incident as #Dutch continues probe https://t.co/67Ku8zKGto,1244601798016380928,en,126,2020-03-30 12:26:06,Twitter for iPhone,0,76,0.0
11,"RT @CGTNOfficial: China has dispatched a team of medical experts to #Venezuela to help fight the novel #coronavirus pandemic, according toâ€¦",1244600221180391425,en,139,2020-03-30 12:19:50,Twitter for iPhone,0,43,0.0
12,"RT @CGTNOfficial: About 7.5 tonnes of medical supplies, donated by the Bank of China, arrived in Toronto on Friday to aid Canada in combatiâ€¦",1244600102821355522,en,140,2020-03-30 12:19:22,Twitter for iPhone,0,95,0.0
13,RT @XHNews: Chinese medical team helps combat COVID-19 pandemic in Cambodia https://t.co/oBdvKQjugS https://t.co/so73xx64gR,1244599682937917440,en,123,2020-03-30 12:17:42,Twitter for iPhone,0,66,0.0
14,RT @XHNews: The fourth batch of medical supplies provided by the Chinese government arrives in Pakistan to help fight #COVID19 https://t.coâ€¦,1244599627455717376,en,140,2020-03-30 12:17:29,Twitter for iPhone,0,75,0.0
15,RT @XHNews: Domestic flights have resumed operations in Hubei Province except for the Tianhe International Airport in Wuhan https://t.co/6câ€¦,1244599549135470595,en,140,2020-03-30 12:17:10,Twitter for iPhone,0,47,0.0
16,"RT @XHNews: Subway stations in Wuhan: Wuhan, a central Chinese city once at the epicenter of the #COVID-19, has resumed its subway serviceâ€¦",1244599438242242560,en,139,2020-03-30 12:16:44,Twitter for iPhone,0,62,0.0
17,RT @XHNews: A race against the #coronavirus! Seven Chinese medical experts have been working in Cambodia for more than a week to aid the coâ€¦,1244599135707099137,en,140,2020-03-30 12:15:32,Twitter for iPhone,0,65,0.16666666666666666
18,"RT @China2ASEAN: #MedicalSupplies donated by #Chinesegovernment arrived yesterday at Kuala Lumbur of #Malaysia including test kits, N95&amp;surâ€¦",1244598217209040897,en,144,2020-03-30 12:11:53,Twitter for iPhone,0,20,0.0
19,RT @globaltimesnews: China's speed! Mask production lines in China: daily mask output has exceeded 110 million units! https://t.co/ExN9aLf3â€¦,1244597683358060544,en,140,2020-03-30 12:09:45,Twitter for iPhone,0,486,0.0
20,RT @Chinaembmanila: â€œAgain your Test Kits BGI and SANSURE BIOTECHNOLOGY are very good and up to the standards as those which were donated bâ€¦,1244597489820250117,en,140,2020-03-30 12:08:59,Twitter for iPhone,0,11,0.9099999999999999
21,"RT @Chinaembmanila: READï¼šThe Text message sent to Chinese Ambassador Huang Xilian this morning by DOH Secretary DR. FRANCISCO DUQUE III :
""â€¦",1244597447344582658,en,140,2020-03-30 12:08:49,Twitter for iPhone,0,21,0.0
22,RT @Chinaembmanila: He also pledged that DOH would actively further coordinate with the Embassy to make sure the work of the medical expertâ€¦,1244597358882476032,en,140,2020-03-30 12:08:28,Twitter for iPhone,0,4,0.16666666666666666
23,RT @Chinaembmanila: Secretary Duque expressed his appreciation and gratitude for Chinaâ€™s support to the Philippines in battling the epidemiâ€¦,1244597336673681408,en,140,2020-03-30 12:08:23,Twitter for iPhone,0,6,0.0
24,"RT @Chinaembmanila: On 30 March, Ambassador Huang XilianÂ had a phone call with Secretary Francisco Duque III of Department of Health. Ambasâ€¦",1244597319196004352,en,140,2020-03-30 12:08:19,Twitter for iPhone,0,11,0.0
25,RT @Chinaembmanila: The Chinese Embassy firmly rejects any irresponsible remarks andÂ any attemptsÂ to undermine our cooperation in this regaâ€¦,1244597205962350595,en,140,2020-03-30 12:07:52,Twitter for iPhone,0,16,-0.1
26,"RT @Chinaembmanila: Since the outbreak of the COVID-19 epidemic, China has continually provided assistance as needed to support the Philippâ€¦",1244597191240380417,en,140,2020-03-30 12:07:48,Twitter for iPhone,0,11,0.0
27,RT @Chinaembmanila: The test kits mentioned by the DOH official on 28 March 2020 during the press briefingÂ were neither tested by RITMÂ whicâ€¦,1244597177634050048,en,140,2020-03-30 12:07:45,Twitter for iPhone,0,8,0.0
28,"RT @Chinaembmanila: to be at par with World Health Organization-provided kits, and those test kits are of high quality and standards and haâ€¦",1244597161246855169,en,140,2020-03-30 12:07:41,Twitter for iPhone,0,8,0.16
29,"RT @Chinaembmanila: The Embassy immediately checked with DOH. According to the clarification of the DOH, the two batches of 2,000 BGI PCR-tâ€¦",1244597145400827904,en,140,2020-03-30 12:07:37,Twitter for iPhone,0,9,0.0
30,RT @Chinaembmanila: The Embassy of China in the Philippines took note of reports about theÂ comments of a Philippine Department of Health(DOâ€¦,1244597128237707264,en,140,2020-03-30 12:07:33,Twitter for iPhone,0,10,0.0
31,"RT @China2ASEAN: A medical team consisting of 12  experts on #COVID19 arrived at Watty Int'l Airport of #Vientiane, #Laos today. They brougâ€¦",1244587601186549760,en,140,2020-03-30 11:29:42,Twitter Web App,0,44,0.0
32,RT @China2ASEAN: Please watch this #shortvideo! It's the exciting moment of the Chinese #medicalteam and #medicalsupplies arriving at Wattyâ€¦,1244587582295425024,en,140,2020-03-30 11:29:37,Twitter Web App,0,36,0.15
33,RT @XHNews: China sends 12 medical experts to Laos to assist the Southeast Asian country's fight against novel #coronavirus outbreak https:â€¦,1244587377495928832,en,140,2020-03-30 11:28:48,Twitter Web App,0,114,0.0
34,RT @CGTNOfficial: First track laid as China-Laos railway construction goes on steadily https://t.co/OCpixXPkiZ,1244587206850695169,en,110,2020-03-30 11:28:08,Twitter Web App,0,40,0.20833333333333331
35,"RT @XHNews: A plane carrying Chinese medical aid arrived on Friday at the International Airport of Algiers, as part of Chinese efforts to hâ€¦",1244583653952249857,en,140,2020-03-30 11:14:01,Twitter Web App,0,133,0.0
36,"RT @ChangshaCity: A 7-member medical team left Changsha for Algiers, the capital of Algeria, to aid epidemic prevention and control effortsâ€¦",1244583575657177088,en,140,2020-03-30 11:13:42,Twitter Web App,0,29,0.0
37,RT @MalaysiaMFA: PRESS RELEASE: Handover of Medical Equipment from the Government of the People's Republic of China to the Government of Maâ€¦,1244583326758744064,en,140,2020-03-30 11:12:42,Twitter Web App,0,121,0.0
38,RT @MalaysiaMFA: FM DS @HishammuddinH2O conveyed the Malaysian Government's appreciation to the Government of PRC for the contribution of 1â€¦,1244583284207575040,en,140,2020-03-30 11:12:32,Twitter Web App,0,29,0.0
39,"RT @MalaysiaMFA: Malaysian Consul General in Guangzhou, Beh Ching Chye received on behalf of the Government, a generous contribution of 35,â€¦",1244583063775899649,en,140,2020-03-30 11:11:40,Twitter Web App,0,516,0.05000000000000002
40,"RT @PDChina: In video: We are in this fight together! Chinese charity foundations sent 2 million masks and 150,000 testing kits to Malaysiaâ€¦",1244582910125936641,en,140,2020-03-30 11:11:03,Twitter Web App,0,297,0.0
41,"RT @HishammuddinH2O: On behalf of the Government and people of Malaysia ğŸ‡²ğŸ‡¾ , thank you to China ğŸ‡¨ğŸ‡³ for contributing 100,008 #COVID19 Test Kâ€¦",1244582734795702274,en,140,2020-03-30 11:10:21,Twitter Web App,0,504,0.0
42,RT @Chinaembmanila: Statement by the Chinese Embassy on Philippine DOH official's Comments on the Test Kits' Accuracy Donated by China,1244526490244362240,en,134,2020-03-30 07:26:52,Twitter Web App,0,25,0.0
43,"RT @Chinaembmanila: On 28 March, Bank of China Limited, through its Manila branch, has donated 500,000 disposable medical masks to the Depaâ€¦",1244526386489913344,en,140,2020-03-30 07:26:27,Twitter Web App,0,42,-0.03571428571428571
44,"RT @JackMa: Jack Ma Foundation and Alibaba Foundation will donate additional urgent equipment including 800 ventilators, 300,000 sets of prâ€¦",1244525929482706944,en,140,2020-03-30 07:24:38,Twitter Web App,0,7495,0.0
45,RT @PDChina: The Chinese medical team from Shandong has arrived at Heathrow Airport to support UK's #COVID19 relief. The team is consistedâ€¦,1244457711913152512,en,139,2020-03-30 02:53:34,Twitter Web App,0,114,0.0
46,RT @XHNews: 500 masks in 1 min! An ultra-high-speed mask production line has been launched in Beijing to bolster the fight against the noveâ€¦,1244457607202369536,en,140,2020-03-30 02:53:09,Twitter Web App,0,1293,0.16
47,"RT @PRCAmbNepal: Through active coordination of the Embassy, the emergency materials including PPEs and thermometers donated by Sichuan Proâ€¦",1244454166572847104,en,140,2020-03-30 02:39:28,Twitter Web App,0,525,-0.13333333333333333
48,RT @PRCAmbNepal: The first batch of emergency epidemic prevention materials including masks donated by Jack Ma Foundation and Alibaba Foundâ€¦,1244454153184632833,en,140,2020-03-30 02:39:25,Twitter Web App,0,342,0.25
49,RT @PRCAmbNepal: Glad to attend the handover ceremony for China's donation of medical supplies to Nepal and exchange views with Hon. @dhbhaâ€¦,1244454135170101248,en,140,2020-03-30 02:39:21,Twitter Web App,0,302,0.25
50,RT @AHoensbroech: Good news! This will help us to maintain our airlink between #China and #Austria to carry urgently needed medical supplieâ€¦,1244453289590059008,en,140,2020-03-30 02:35:59,Twitter Web App,0,33,0.35
51,"RT @AHoensbroech: Every seat is taken!
Urgently needed medical supplies loaded on @_austrian passenger jet from #Xiamen to #Vienna! Fantastâ€¦",1244453166550114306,en,140,2020-03-30 02:35:30,Twitter Web App,0,53,0.0
52,"RT @chinaembaustria: China bekam Hilfe von anderen LÃ¤ndern im Kampf gg. #COVID19, hat nun nach Anfrage &amp; MÃ¶glichkeit 89 LÃ¤ndern medizinischâ€¦",1244452925486686210,de,144,2020-03-30 02:34:32,Twitter Web App,0,18,0.0
53,RT @li_xiaosi: Glad to hear the @_austrian airplane which landed in Vienna today from Xiamen with medical supplies will continue its flightâ€¦,1244452782460923904,en,140,2020-03-30 02:33:58,Twitter Web App,0,80,0.25
54,RT @li_xiaosi: Chinese Premier Li Keqiang &amp; Austrian Chancellor @sebastiankurz had a phone call today. China firmly supports Austria's effoâ€¦,1244452748856193025,en,144,2020-03-30 02:33:50,Twitter Web App,0,50,-0.1
55,RT @li_xiaosi: Chinese Commerce Minister Zhongshan&amp;Austrian Minister of Economy M. SchrambÃ¶ck took a nice phone call today to implement theâ€¦,1244452667272781824,en,144,2020-03-30 02:33:31,Twitter Web App,0,31,0.3
56,"RT @Echinanews: China's health insurance authorities have settled up bills for 44,189 confirmed #COVID19 patients at a total cost of 752 mlâ€¦",1244452591683043328,en,140,2020-03-30 02:33:13,Twitter Web App,0,117,0.2
57,"RT @jonathanvswan: ""A plane from Shanghai arrived at JFK in New York Sunday morning carrying an extraordinary load: 12 million gloves, 130,â€¦",1244443012790288384,en,140,2020-03-30 01:55:09,Twitter Web App,0,5547,0.23484848484848483
58,"RT @jtao98: Huawei donated 10,000 masks, 20,000 protective clothings, 10,000 gloves and 50,000 goggles to New York State. Governor Andrew Câ€¦",1244438774223798272,en,140,2020-03-30 01:38:18,Twitter Web App,0,221,0.13636363636363635
59,"RT @axios: NEW: A plane from Shanghai arrived at JFK this morning carrying an extraordinary load: 12 million gloves, 130,000 N-95 masks, 1.â€¦",1244436866750767109,en,140,2020-03-30 01:30:44,Twitter Web App,0,1987,0.23484848484848483
60,"RT @AmbLiuXiaoMing: Helping each other,  China and the UK are sharing solidarity and confidence in fight against Covid-19. https://t.co/7Kfâ€¦",1244433348119781376,en,140,2020-03-30 01:16:45,Twitter Web App,0,96,-0.125
61,"RT @AmbLiuXiaoMing: In this unsettling times, China and the UK stand side by side. We will get through this together. https://t.co/Ehe9cXhFâ€¦",1244433313839734785,en,140,2020-03-30 01:16:37,Twitter Web App,0,185,-0.5
62,RT @RadioPakistan: Pakistan expresses deep appreciation to people of #Wuhan for sending medicines and medical equipment at crucial time ofâ€¦,1244428843948969984,en,139,2020-03-30 00:58:51,Twitter Web App,0,53,0.0
63,"RT @CPEC_Official: Pandemic will come under control soon in Pakistan : Chinese Ambassador

@zlj517 @MFA_China @CathayPak @WangXianfeng8
httâ€¦",1244422360674873344,en,140,2020-03-30 00:33:05,Twitter Web App,0,90,0.0
64,RT @mian_abrar: #China again proving that a friend in need is a friend indeed. Time &amp; again China has come forward to help Pakistan in testâ€¦,1244422326344544261,en,144,2020-03-30 00:32:57,Twitter Web App,0,41,0.0
65,"RT @CPEC_Official: China has written a new chapter in history of public health: @zfrmrza
@zlj517 @MFA_China @CathayPak @WangXianfeng8
httpsâ€¦",1244422129384222721,en,140,2020-03-30 00:32:10,Twitter Web App,0,104,0.06818181818181818
66,"RT @CathayPak: Ú†ÛŒÙ† Ù…ØªØ­Ø±Ú© Ùˆ Ø³Ø± Ú¯Ø±Ù… Ø¹Ù…Ù„! 
"" Ú¾Ù… ÛŒÚ© Ø¬Ø§Ù† Ø¯Ùˆ Ù‚Ø§Ù„Ø¨ Ú¾ÛŒÚºØŒ Ø¹Ø²ÛŒØ² Ù¾Ø§Ú©Ø³ØªØ§Ù†ÛŒ Ø¨Ú¾Ø§Ø¦ÛŒÙˆ Ø§ÙˆØ± Ø¨ÛÙ†Ùˆ! Ú¾Ù… Ù¾ÛÙ†Ú† Ø¢Ø±Ú¾Û’ Ú¾ÛŒÚº "" Ú†ÛŒÙ†ÛŒ Ù…ÛŒÚˆÛŒÚ©Ù„ Ù¹ÛŒÙ… Ú©Ø§ Ø±ÙˆØ§Ù†Ú¯â€¦",1244281669147901956,ur,140,2020-03-29 15:14:02,Twitter for iPhone,0,288,0.0
67,"RT @CathayPak: Ú†ÛŒÙ† Ù…ØªØ­Ø±Ú© Ùˆ Ø³Ø±Ú¯Ø±Ù… Ø¹Ù…Ù„! 
Ø³ÙÛŒØ± ÛŒØ§Ø¤ Ø¬Ù†Ú¯ØŒ ÙˆØ²ÛŒØ± Ø®Ø§Ø±Ø¬Û Ø´Ø§Û Ù…Ø­Ù…ÙˆØ¯ Ù‚Ø±ÛŒØ´ÛŒ ØŒ Ø³ÛŒÚ©Ø±Ù¹Ø±ÛŒ Ø®Ø§Ø±Ø¬Û Ø³ÛÛŒÙ„ Ù…Ø­Ù…Ø¯ Ø§ÙˆØ± Ø§ÛŒÙ† ÚˆÛŒ Ø§ÛŒÙ… Ø§Û’ Ú©Û’ Ú†Ø¦Ø±Ù…ÛŒÙ†ØŒ Ù¾Ø§Ú©Ø³â€¦",1244281656099340288,ur,140,2020-03-29 15:13:59,Twitter for iPhone,0,47,0.0
68,"RT @CathayPak: Ú†ÛŒÙ†ÛŒ Ù…ÛŒÚˆÛŒÚ©Ù„ Ù¹ÛŒÙ… Ø§ÙˆØ± Ø¢Ù„Ø§Øª Ù¾Ø± Ù…Ø´ØªÙ…Ù„ Ú¾ÙˆØ§Ø¦ Ø¬ÛØ§Ø² Ú©ÛŒ Ø§Ø³Ù„Ø§Ù… Ø¢Ø¨Ø§Ø¯ Ø¢Ù…Ø¯Û”Û”Û”
Ø§Ø¦ÛŒØ± Ù¾ÙˆØ±Ù¹ Ú©Ø§ Ø¹Ù…Ù„Û Ø·Ø¨Ø¹ÛŒ Ø¢Ù„Ø§Øª Ø¬ÛØ§Ø² Ø³Û’ Ø§ØªØ§Ø± Ø±Ú¾Ø§ Ú¾Û’Û” @ArifAlviâ€¦",1244281641582952449,ur,139,2020-03-29 15:13:55,Twitter for iPhone,0,105,0.0
69,"RT @CathayPak: Ú†ÛŒÙ† ğŸ‡¨ğŸ‡³Ù…ØªØ­Ø±Ú© Ùˆ Ø³Ø±Ú¯Ø±Ù… Ø¹Ù…Ù„! "" Ú¾Ù…Ø§Ø±Û’ Ø¯ÙˆÙ†ÙˆÚº Ù…Ù…Ø§Ù„Ú© Ù…Ø®Ù„Øµ Ø¯ÙˆØ³Øª Ø§ÙˆØ± Ù…Ø«Ø§Ù„ÛŒ Ø¨Ú¾Ø§Ø¦ ÛÛŒÚºÛ”Ø¬Ùˆ Ú¾Ø± Ø¯Ú©Ú¾ Ø³Ú©Ú¾ Ù…ÛŒÚº Ø§ÛŒÚ© Ø¯ÙˆØ³Ø±Û’ Ú©Û’ Ø´Ø§Ù†Û Ø¨Ø´Ø§Ù†Û Ú¾ÛŒÚºÛ” Ú†ÛŒÙ†â€¦",1244281625833340935,ur,140,2020-03-29 15:13:51,Twitter for iPhone,0,222,0.0
70,RT @CathayPak: China in action #ChinaPakSolidarity @ImranKhanPTI @ForeignOfficePk @ndmapk @zlj517,1244281588755714048,en,97,2020-03-29 15:13:43,Twitter for iPhone,0,51,0.1
71,RT @CathayPak: Chinese companies are together with Pakistan in fighting coronavirus: @ChinaPowerHub company shows solidarity with Pakistaniâ€¦,1244281576596418561,en,140,2020-03-29 15:13:40,Twitter for iPhone,0,178,0.0
72,RT @globaltimesnews: #Chinese people won't accept the arrogance and prejudice: Chinese FM said Sat in response to an open letter issued byâ€¦,1244281409080000512,en,139,2020-03-29 15:13:00,Twitter for iPhone,0,74,0.0
73,"RT @CathayPak: China in Action: repaying kindness is our tradition, deep in our blood. More to come! #ChinaPakSolidarity",1244281113796907009,en,120,2020-03-29 15:11:49,Twitter for iPhone,0,297,0.19999999999999998
74,RT @PresOfPakistan: Ø§Ø³Ù„Ø§Ù…ÛŒ Ø¬Ù…ÛÙˆØ±ÛŒÛ Ù¾Ø§Ú©Ø³ØªØ§Ù† Ú©ÛŒ Ø·Ø±Ù Ø³Û’ Ù…ÛŒÚº ØµØ¯Ø± Ú˜ÛŒ Ø¬Ù†Ù¾Ù†Ú¯ Ø§ÙˆØ± Ø¹ÙˆØ§Ù…ÛŒ Ø¬Ù…ÛÙˆØ±ÛŒÛ Ú†ÛŒÙ† Ú©Ùˆ Ø§ÛŒÚ© Ø·ÙˆÛŒÙ„ Ø¨Ù†Ø¯Ø´ Ú©Û’ Ø¨Ø¹Ø¯ Ø´ÛØ± ÙˆÙˆÛØ§Ù† Ú©Ùˆ Ú©Ú¾ÙˆÙ„Ù†Û’ Ù¾Ø±â€¦,1244281009102819329,ur,139,2020-03-29 15:11:24,Twitter for iPhone,0,259,0.0
75,"RT @CathayPak: China in action:New medical Supplies assistance from ğŸ‡¨ğŸ‡³ Govt for ğŸ‡µğŸ‡° arrived in Islamabad.The supplies are from Wuhan,China,wâ€¦",1244280947392086020,en,140,2020-03-29 15:11:10,Twitter for iPhone,0,421,0.07878787878787878
76,RT @PresOfPakistan: æˆ‘ä»£è¡¨å·´åŸºæ–¯å¦ä¼Šæ–¯å…°å…±å’Œå›½ç¥è´ºä¹ è¿‘å¹³ä¸»å¸­å’Œä¸­åäººæ°‘å…±å’Œå›½åœ¨é•¿æœŸå…³é—­ä¹‹åæ­¦æ±‰çš„å¼€æ”¾ã€‚åœ¨æ­¤æœŸé—´ï¼Œä¸­å›½å‘ä¸–ç•Œå±•ç¤ºäº†é™åˆ¶Covid-19ç—…æ¯’ä¼ æ’­çš„å†³å¿ƒã€‚ ç¡®å®æ˜¯å¾ˆå¤§çš„åŠªåŠ›ã€‚,1244280893704896512,zh,102,2020-03-29 15:10:57,Twitter for iPhone,0,450,0.0
77,RT @PresOfPakistan: On behalf of the Islamic Republic of Pakistan I congratulate President Xi Jinping and the People's Republic of China onâ€¦,1244280879813459969,en,140,2020-03-29 15:10:54,Twitter for iPhone,0,314,0.0
78,"RT @CathayPak: China In Action: NDMA Chairman Muhammad Afzal ""I from the bottom of my heart thank the Chinese government and the people ofâ€¦",1244280842538672128,en,139,2020-03-29 15:10:45,Twitter for iPhone,0,177,0.05
79,"RT @CathayPak: Ú†ÛŒÙ† ğŸ‡¨ğŸ‡³Ù…ØªØ­Ø±Ú© Ùˆ Ø³Ø±Ú¯Ø±Ù… Ø¹Ù…Ù„ : Ú†Ø¦ÛŒØ±Ù…ÛŒÙ† Ø§ÛŒÙ† ÚˆÛŒ Ø§ÛŒÙ… Ø§Û’ Ù…Ø­Ù…Ø¯ Ø§ÙØ¶Ù„"" Ù…ÛŒÚº Ø¯Ù„ Ú©ÛŒ Ø¹Ù…ÛŒÙ‚ Ú¯ÛØ±Ø§Ø¦ÛŒÙˆÚº Ø³Û’ Ø­Ú©ÙˆÙ…Øª ğŸ‡¨ğŸ‡³Ø§ÙˆØ± Ø¹ÙˆØ§Ù… Ú©Ø§ Ù…Ù…Ù†ÙˆÙ† Ùˆ Ù…Ø´Ú©ÙˆØ± Ú¾ÙˆÚº""â€¦",1244280744052248577,ur,140,2020-03-29 15:10:21,Twitter for iPhone,0,107,0.0
80,RT @CathayPak: Ú†ÛŒÙ† ğŸ‡¨ğŸ‡³Ù…ØªØ­Ø±Ú© Ùˆ Ø³Ø±Ú¯Ø±Ù… Ø¹Ù…Ù„ : Ø­Ú©ÙˆÙ…Øª ğŸ‡¨ğŸ‡³Ú©ÛŒ Ø·Ø¨Ø¹ÛŒ Ø¢Ù„Ø§Øª Ú©ÛŒ Ù†Ø¦ Ú©Ú¾ÛŒÙ¾ Ø§Ø³Ù„Ø§Ù… Ø¢Ø¨Ø§Ø¯ Ù¾ÛÙ†Ú† Ú¯Ø¦Û” ÙˆÙ†Ù¹ÛŒ Ù„ÛŒÙ¹Ø±Ø²ØŒ Ø§ÛŒÙ†95 ÙˆØ³Ø±Ø¬ÛŒÚ©Ù„ Ù…Ø§Ø³Ú© Ø§ÙˆØ± Ø¹Ø§Ø±Ø¶ÛŒ Ù„Ø¨Ø§Ø³â€¦,1244280719741988864,ur,139,2020-03-29 15:10:15,Twitter for iPhone,0,144,0.0
81,"RT @ForeignOfficePk: ğŸ‡µğŸ‡° ğŸ‡¨ğŸ‡³ Special Friendship 

#Pakistan Airforce plane carrying relief goods incl. ventilators, disposable coverall, N95â€¦",1244280704747417601,en,139,2020-03-29 15:10:12,Twitter for iPhone,0,514,0.35714285714285715
82,"RT @JAfridi10: I hereby to announce that Haier Pakistan donate 50,000 surgical masks as first lot of donation to the GOP &amp; will be handed oâ€¦",1244280542977298433,en,144,2020-03-29 15:09:33,Twitter for iPhone,0,640,0.25
83,RT @JAfridi10: Pleased to know #COVID19 Medical Supplies donation for ğŸ‡µğŸ‡° from ğŸ‡¨ğŸ‡³ Govt are arriving at Islamabad soon.Those supplies are froâ€¦,1244126116127760385,en,140,2020-03-29 04:55:55,Twitter for iPhone,0,319,0.25
84,RT @AmbLiuXiaoMing: A friend in need is a friend indeed. China and the UK are fighting shoulder to shoulder in this battle against Covid-19.,1244126055431942151,en,140,2020-03-29 04:55:41,Twitter for iPhone,0,316,0.0
85,RT @AmbNaghmanaHash: Beijing Embassy Solidarity Team in Wuhan loading relief goods given by China @ForeignOfficePk @zlj517 Please stay homeâ€¦,1244125981519962113,en,140,2020-03-29 04:55:23,Twitter for iPhone,0,246,0.0
86,RT @ShakeelRamay: Globalization is here to stay but with different outlook my thoughts https://t.co/3SZORkC05j @diplomacy_lab @GLAC2018 @Stâ€¦,1243898057902587904,en,140,2020-03-28 13:49:42,Twitter for iPhone,0,28,0.0
87,"RT @NoorUllahPak: People around the world want to know how China controlled #Covid_19 . They need to know the spirit, behavior and commitmeâ€¦",1243893797391437825,en,140,2020-03-28 13:32:46,Twitter for iPhone,0,227,0.0
88,"RT @JennyinPak: The chartered plane brings here experts, medicine, ECOM etc. Most importantly,  it brings Chinese passion and sincerity andâ€¦",1243891121282940928,en,140,2020-03-28 13:22:08,Twitter for iPhone,0,146,0.3
89,"RT @Salman_B_PK: Huge capacity bolstering: Alibaba  and Jack Ma Foundations have donated 50,000 test kits and 5,00,000 face masks. China alâ€¦",1243890735612481542,en,140,2020-03-28 13:20:36,Twitter for iPhone,0,104,0.4000000000000001
90,"RT @Salman_B_PK: Special Flight from China carrying medical professionals and relief assistance to fight COVID-19 arriving today...12,000 tâ€¦",1243890666616193024,en,140,2020-03-28 13:20:19,Twitter for iPhone,0,101,0.17857142857142858
91,"RT @WangXianfeng8: New York Times reporter: We once laughed at China, however, it turns out that theirs are the smartest way #fightCoronaviâ€¦",1243890600564277248,en,140,2020-03-28 13:20:04,Twitter for iPhone,0,172,0.41818181818181815
92,"RT @JennyinPak: They are from Xinjiang. They just finished the 50-day work in Wuhan. After a very short rest, they left their families andâ€¦",1243890524903190528,en,139,2020-03-28 13:19:46,Twitter for iPhone,0,192,0.0
93,RT @SMQureshiPTI: Pakistan &amp; China collaborating closely for assistance to counter formidable COVID-19. We thank Govt of China for sendingâ€¦,1243890295516745729,en,143,2020-03-28 13:18:51,Twitter for iPhone,0,840,0.0
94,"RT @WangXianfeng8: #ChinaPakSolidarity China In Actionï¼š""We are two nations with one heart! Dear Pakistani brothers and sisters, here we comâ€¦",1243889587082035200,en,140,2020-03-28 13:16:02,Twitter for iPhone,0,490,0.1
95,"RT @ForeignOfficePk: FM @SMQureshiPTI, FS Sohail Mahmood &amp; Chairman NDMA along with Chinese Ambassador Yao Jing welcoming #Chinese medicalâ€¦",1243889412359852032,en,143,2020-03-28 13:15:20,Twitter for iPhone,0,183,0.0
96,"RT @ForeignOfficePk: #China is extending full support to #Pakistan in its efforts to contain #COVID19, including 12k test kits, 3,00,000 maâ€¦",1243888748867121153,en,140,2020-03-28 13:12:42,Twitter for iPhone,0,133,0.35
97,"RT @SMQureshiPTI: The Pakistan-China Strategic Cooperative Partnership has acquired greater strength and depth in recent years, guided by tâ€¦",1243888703933579265,en,140,2020-03-28 13:12:32,Twitter for iPhone,0,961,0.25
98,"RT @ImranIsmailPTI: Received 56,000 testing kits from China on behalf of Federal Government. Inshallah this will help us speed up the screeâ€¦",1243879245450895362,en,140,2020-03-28 12:34:56,Twitter for iPhone,0,947,0.0
99,"RT @CathayPak: Ú†ÛŒÙ† ØªÙ†Ø¯Ø¹ÛŒ  Ø³Û’ Ù…ØªØ­Ø±Ú© Ùˆ Ø³Ø±Ú¯Ø±Ù… Ø¹Ù…Ù„!  
Ø¯Ùˆ Ù¹Ù† Ù…Ø§Ø³Ú©ØŒ ØªØ´Ø®ÛŒØµÛŒ Ú©Ù¹Ø³ØŒ 6 Ú©Ø±ÙˆÚ‘ 70 Ù„Ø§Ú©Ú¾ Ù…Ø§Ù„ÛŒØª Ú©Û’ Ø·Ø¨Ø¹ÛŒ Ø­ÙØ§Ø¸ØªÛŒ Ù„Ø¨Ø§Ø³ Ú©Ø§Ù…ÛŒØ¨Ø®ÛŒØ±Ùˆ Ø®ÙˆØ¨ÛŒ Ø®Ù†Ø¬Ø± Ø§Ø¨ Ú©â€¦",1243879016852885505,ur,140,2020-03-28 12:34:02,Twitter for iPhone,0,291,0.0
100,RT @CathayPak: #ChinaPakSolidarity China in Action: A 8-member medical team sent by Chinese Government is warmly seen off in Xinjiang beforâ€¦,1243878990361661440,en,140,2020-03-28 12:33:56,Twitter for iPhone,0,566,0.175
101,RT @CathayPak: #ChinaPakSolidarity China In Actionï¼šA chartered plane with Chinese medical team&amp; supplies has taken off.  Amb. Yao Jing andâ€¦,1243878964730331136,en,143,2020-03-28 12:33:50,Twitter for iPhone,0,483,0.03333333333333333
102,"RT @CathayPak: Ú†ÛŒÙ† Ù…ØªØ­Ø±Ú© Ùˆ Ø³Ø±Ú¯Ø±Ù… Ø¹Ù…Ù„!
Ø­Ú©ÙˆÙ…Øª Ú†ÛŒÙ† Ú©ÛŒ Ø¬Ø§Ù†Ø¨ Ø³Û’ Ø¨Ú¾Ø¬ÙˆØ§Ø¦ Ú¯Ø¦ 8 Ø±Ú©Ù†ÛŒ Ø·Ø¨Ø¹ÛŒ Ù¹ÛŒÙ… Ú©Ø§ Ù¾Ø§Ú©Ø³ØªØ§Ù† Ø±ÙˆØ§Ù†Û Ú¾ÙˆÙ†Û’ Ø³Û’ Ù‚Ø¨Ù„ØŒ Ø³Ù†Ú©ÛŒØ§Ù†Ú¯ Ù…ÛŒÚº Ù¾Ø±ØªÙ¾Ø§Ú© Ø®ÛŒØ± Ø¢â€¦",1243878914289618945,ur,140,2020-03-28 12:33:37,Twitter for iPhone,0,195,0.0
103,"RT @CathayPak: #ChinaPakSolidarity China In Actionï¼š""We are two nations with one heart! Dear Pakistani brothers and sisters, here we come!""â€¦",1243878831837958147,en,139,2020-03-28 12:33:18,Twitter for iPhone,0,348,0.1
104,"RT @CathayPak: China In Actionï¼šAmb. Yao Jing met with FM Shah Mahmood Qureshi, FS Sohail Mahmood, NDMA Chairman Muhammad Afzal at the airpoâ€¦",1243878799663435776,en,140,2020-03-28 12:33:10,Twitter for iPhone,0,136,0.1
105,RT @CathayPak: Plane carrying with Chinese medical team &amp; supplies arrived at Islamabad. Airport staff are unloading medical supplies.#COVIâ€¦,1243878773621051393,en,144,2020-03-28 12:33:04,Twitter for iPhone,0,669,0.0
106,"RT @CathayPak: China In Actionï¼šAmb. Yao Jing, FM Shah Mahmood Qureshi, FS Sohail Mahmood and NDMA Chairman Muhammad Afzal are receiving theâ€¦",1243878747918307329,en,140,2020-03-28 12:32:58,Twitter for iPhone,0,588,0.1
107,RT @CathayPak: https://t.co/wHtuqTz5UM,1243878726812577793,und,38,2020-03-28 12:32:53,Twitter for iPhone,0,57,0.0
108,RT @CathayPak: https://t.co/K4p53Vztn2,1243878713525071872,und,38,2020-03-28 12:32:50,Twitter for iPhone,0,67,0.0
109,"RT @CathayPak: China in actionï¼šThe Plane carried over 10,000 test kits, 10,000 N95 masksï¼Œ1 lakh Disposable medical masksï¼Œ5,000 Medical protâ€¦",1243878697150509056,en,140,2020-03-28 12:32:46,Twitter for iPhone,0,653,0.03333333333333333
110,"RT @PDChina: #UPDATE: The Chinese medical team consisted of eight experts have arrived in Islamabad, Pakistan. The team also brought 10,000â€¦",1243878014473003008,en,140,2020-03-28 12:30:03,Twitter for iPhone,0,596,0.0
111,"RT @ForeignOfficePk: ğŸ‡µğŸ‡° ğŸ‡¨ğŸ‡³ Special Friendship 

Special #Chinese plane with a team of medical professionals &amp; relief assistance to fight #Câ€¦",1243877974107025408,en,144,2020-03-28 12:29:53,Twitter for iPhone,0,394,0.17857142857142858
112,"RT @CathayPak: #ChinaPakSolidarity China in Action ""Our two countries are true friends and good brothers who are always there for each otheâ€¦",1243877938614775809,en,140,2020-03-28 12:29:45,Twitter for iPhone,0,268,0.3833333333333333
113,RT @MFA_China: G20 summit keyword: SOLIDARITY to overcome pandemic &amp; stabilize economy. China will expand imports &amp; outbound investment toâ€¦,1243575559348793344,en,147,2020-03-27 16:28:12,Twitter for iPhone,0,153,0.0
114,"RT @MFA_China: China supports SG Guterres' appeal for waiving sanctions undermining countries' response capability. Amid the pandemic, unilâ€¦",1243575525744017409,en,140,2020-03-27 16:28:04,Twitter for iPhone,0,93,0.0
115,"RT @MFA_China: Allegations of ""forced labor"" in China nothing but FAKE NEWS! Please respect facts, overcome bias, and stop interfering in Câ€¦",1243575512234106880,en,140,2020-03-27 16:28:01,Twitter for iPhone,0,208,-0.4
116,RT @MFA_China: éšç€ç¾å›½ç–«æƒ…è¿…é€Ÿæ‰©æ•£è”“å»¶ï¼Œä¸­å›½æ”¿åºœå·²ç»å¹¶å°†ç»§ç»­é‡‡å–ä¸€åˆ‡å¿…è¦æªæ–½ä¸ºç»´æŠ¤åœ¨ç¾ä¸­å›½å…¬æ°‘çš„å®‰å…¨ä¸å¥åº·æä¾›å¸®åŠ©ã€‚â€œå¤–äº¤ä¸ºæ°‘â€æ°¸è¿œæ˜¯ä¸­å›½é©»å¤–ä½¿é¢†é¦†çš„å®—æ—¨å’Œé‡è¦ä»»åŠ¡ï¼Œäº”æ˜Ÿçº¢æ——æ°¸è¿œåœ¨ä¸­å›½é©»å¤–ä½¿é¢†é¦†é«˜é«˜é£˜æ‰¬ã€‚ https://t.co/FGtdBP9z34,1243575445850853377,zh,134,2020-03-27 16:27:45,Twitter for iPhone,0,360,0.0
117,"RT @CGTNOfficial: China understands the tough time the U.S. is going through and would like to provide support within its capacity, Presideâ€¦",1243493627176738817,en,140,2020-03-27 11:02:38,Twitter Web App,0,238,-0.3888888888888889
118,"RT @CGTNOfficial: China resolutely opposes ""Taiwan act"" signed by Trump, warns of retaliation https://t.co/0dV3VCIPyf",1243493250867978241,en,117,2020-03-27 11:01:08,Twitter Web App,0,114,0.0
119,RT @CGTNOfficial: Video: China's third medical aid mission to Italy heads off as the first returns homeğŸ‡¨ğŸ‡³ğŸ‡®ğŸ‡¹ https://t.co/kTnHkZsa4Z,1243493144978751488,en,131,2020-03-27 11:00:43,Twitter Web App,0,240,0.08333333333333333
120,RT @AmbLiuGuangYuan: China's massive production capacity is doing its best to strengthen the Poland's defence against the #COVID19. https:/â€¦,1243492881870082048,en,140,2020-03-27 10:59:40,Twitter Web App,0,116,0.5
121,"RT @AmbLiuGuangYuan: 50,000 masks and 300 thermometers donated by Chinese company XIAOMI and 300 boxes of medical supplies cost 250,000 USDâ€¦",1243492646573821955,en,140,2020-03-27 10:58:44,Twitter Web App,0,232,0.0
122,RT @CathayPak: #ChinaPakSolidarity China in Action: The Pakistani helicopters arrived at the Khunjerab Pass in the harsh weather condition!â€¦,1243492195426074625,en,140,2020-03-27 10:56:57,Twitter Web App,0,588,-0.05
123,"RT @CathayPak: #ChinaPakSolidarity China in Action: 2 tons of masks, test kits, ventilators, medical protective clothes worthing 67 millionâ€¦",1243492133258100736,en,140,2020-03-27 10:56:42,Twitter Web App,0,759,0.05
124,RT @NielsAnnen: Diplomacy by telephone ğŸ“:Good conversation with Chinese ğŸ‡¨ğŸ‡³ Deputy Foreign Minister Qin Gang. Both of us agreed: Mutual helpâ€¦,1243486683158306817,en,140,2020-03-27 10:35:02,Twitter Web App,0,42,0.19166666666666665
125,"RT @AndrzejDuda: Bariery usuniÄ™te. Na OkÄ™ciu wylÄ…dowaÅ‚ pierwszy z kilku samolotÃ³w, ktÃ³rymi dziÅ› i w najbliÅ¼szych dniach przyleci do Polskiâ€¦",1243486404660752385,pl,139,2020-03-27 10:33:56,Twitter Web App,0,526,0.5
126,RT @michaldworczyk: DziÅ› w Warszawie wylÄ…dowaÅ‚y pierwsze samoloty z wyposaÅ¼eniem medycznym z Chin. Po rozmowie Prezydenta @AndrzejDuda z Prâ€¦,1243486310242766849,pl,140,2020-03-27 10:33:33,Twitter Web App,0,180,0.0
127,"RT @AgencjaRozwoju: âœ… ARP S.A. przywiozÅ‚a z Chin 1 mln 700 tys. maseczek, 40 640 kombinezonÃ³w, 10 tys. gogli i 416 500 rÄ™kawic za kwotÄ™ ok.â€¦",1243486243238719489,pl,140,2020-03-27 10:33:17,Twitter Web App,0,100,0.5
128,"RT @300gospodarka: Juz jest ponad 180 mln zÅ‚! A wszystko za sprawÄ… @kghm_sa, ktÃ³ry wydaÅ‚ 15 mln dolarÃ³w na dwa samoloty peÅ‚ne sprzÄ™tu medycâ€¦",1243486056843841537,pl,140,2020-03-27 10:32:33,Twitter Web App,0,17,0.0
129,"RT @PremierRP: Minister @michaldworczyk: DziÄ™kujÄ™ @AndrzejDuda, ktÃ³ry rozmawiaÅ‚ z prezydentem Chin. DziÄ™ki temu od przyszÅ‚ego tygodnia urucâ€¦",1243485904406073344,pl,140,2020-03-27 10:31:57,Twitter Web App,0,76,0.0
130,"RT @PolandMFA: Deliveries of medical equipment are launched from ğŸ‡¨ğŸ‡³ to ğŸ‡µğŸ‡±. 

Equipment purchased by @kghm_sa with support of @PremierRP_en,â€¦",1243485198764740608,en,140,2020-03-27 10:29:08,Twitter Web App,0,44,0.0
131,"RT @PolandMFA: Today, 3 âœˆï¸ with medical supplies from ğŸ‡¨ğŸ‡³ are to arrive in Warsaw.

Thanks to the efforts of #PolandMFA and @PremierRP_en,â€¦",1243485104632020992,en,138,2020-03-27 10:28:46,Twitter Web App,0,60,0.1
132,RT @PakPMO: 3) Chinese Ambassador thanked the Prime Minister for Pakistanâ€™s support and underlined that the Chinese government and leadershâ€¦,1243433368571658240,en,140,2020-03-27 07:03:11,Twitter for iPhone,0,81,0.0
133,RT @PakPMO: 2) Prime Minister reaffirmed Pakistan's support and solidarity with the people of China in its fight against Coronavirus.,1243433357960040450,en,133,2020-03-27 07:03:09,Twitter for iPhone,0,74,0.0
134,"RT @PakPMO: 1) Chinese Ambassador Yao Jing called on Prime Minister Imran Khan today

Prime Minister conveyed sincere gratitude to China foâ€¦",1243433334396485632,en,140,2020-03-27 07:03:03,Twitter for iPhone,0,332,0.25
135,RT @CathayPak: Chinese companies are together with Pakistan in fighting coronavirus: @POWERCHINA_ Port Qasim Power Plant donated to Pakistaâ€¦,1243433036852559872,en,140,2020-03-27 07:01:52,Twitter for iPhone,0,201,0.0
136,"RT @CathayPak: #ChinaPakSolidarity China in Action: The Chinese side unloaded the medical supplies, waiting to meet the Pakistani brothersâ€¦",1243433001461014528,en,139,2020-03-27 07:01:44,Twitter for iPhone,0,443,0.03333333333333333
137,"RT @CathayPak: #ChinaPakSolidarity China in Action: Both sides from China and Pakistan braved the cold, cleared the roads, made good preparâ€¦",1243432981202489349,en,140,2020-03-27 07:01:39,Twitter for iPhone,0,686,0.06666666666666665
138,"RT @CathayPak: #ChinaPakSolidarity China in Action: Medical supplies from Xinjiang, China to Pakistan is delievered through Khunjerab (5,00â€¦",1243432929147019264,en,140,2020-03-27 07:01:26,Twitter for iPhone,0,536,0.05
139,"RT @AmbLiuXiaoMing: There are 220ï¼Œ000 Chinese students in the UK, the largest number in Europe and second in the world. The Chinese Governmâ€¦",1243432705879969792,en,140,2020-03-27 07:00:33,Twitter for iPhone,0,76,0.0
140,RT @MFA_China: Chinaâ€™s effective response to #COVID19 &amp; contribution is fully recognized. Discrediting Chinese efforts runs against globalâ€¦,1243431897356587008,en,143,2020-03-27 06:57:20,Twitter for iPhone,0,224,0.19999999999999998
141,"RT @MFA_China: Since the outbreak of #COVID19, WHO, as the most authoritative and professional institution in public health, has made tremeâ€¦",1243431880772345858,en,140,2020-03-27 06:57:16,Twitter for iPhone,0,123,0.225
142,RT @CathayPak: Chinese companies are together with Pakistan in fighting coronavirus: @SahiwalPlant donated prevention materials to securityâ€¦,1243366586460672003,en,140,2020-03-27 02:37:49,Twitter Web App,0,115,0.0
143,RT @CathayPak: Amb Yao Jing attended with PM @ImranKhanPTI earth-breaking ceremony of an Isolation Hospital supported by the Chinese Governâ€¦,1243366499726831618,en,140,2020-03-27 02:37:28,Twitter Web App,0,265,0.0
144,RT @ChnEmbassy_jp: ãã®æ—¥ãŒæ—©ãã‚„ã£ã¦æ¥ã‚‹ã“ã¨ã‚’æ¥½ã—ã¿ã«ã—ã€ãã®ãŸã‚ã«ã€å›½å¢ƒã‚’è¶…ãˆã¦ã€ã¿ã‚“ãªã§ä¸€ç·’ã«é ‘å¼µã‚Šã¾ã—ã‚‡ã†ï¼ https://t.co/hYW4X2xgYA,1243338182189436930,ja,91,2020-03-27 00:44:57,Twitter Web App,0,1848,0.0
145,RT @ChnEmbassy_jp: ä»Šæœã€æœ­å¹Œå¸‚ã‹ã‚‰å¿ƒæ¸©ã¾ã‚‹ãƒ¡ãƒƒã‚»ãƒ¼ã‚¸ã‚’ç¶´ã£ãŸä¸€æšã®ã¯ãŒããŒå¤§ä½¿é¤¨ã«å±Šãã¾ã—ãŸã€‚ä¸­å›½ã‹ã‚‰ã®ãƒã‚¹ã‚¯ãŒç—…é™¢å‹¤å‹™ã®æå¥ˆã•ã‚“ãŸã¡ã®ãŠå½¹ã«ç«‹ã£ãŸã“ã¨ã‚’çŸ¥ã‚Šã€ç§ãŸã¡ã‚‚ã†ã‚Œã—ã„ã§ã™ã€‚åŒ»ç™‚å¾“äº‹è€…ã®çš†ã•ã‚“ã¯ã¯ãŒãã®è£å´ã«æã„ãŸã‚¢ãƒ³ãƒ‘ãƒ³ãƒãƒ³ãŸã¡ã®ã‚ˆã†ã«COVID-â€¦,1242989206189703170,ja,140,2020-03-26 01:38:15,Twitter Web App,0,989,0.0
146,RT @ChnEmbassy_jp: ä¸­å›½ã‹ã‚‰å‹å¥½ã®ãƒã‚¹ã‚¯ã€æ„›çŸ¥ãƒ»ç”°åŸå¸‚ã«ï¼‘ä¸‡æšã€è±Šå·å¸‚ã«ï¼•ä¸‡æšï¼šä¸­äº¬ãƒ†ãƒ¬ãƒ“ï¼®ï¼¥ï¼·ï¼³ https://t.co/LK15WtLf5Q,1242989186870697990,ja,82,2020-03-26 01:38:10,Twitter Web App,0,93,0.0
147,RT @ChnEmbassy_jp: ï¼œæ–°å‹ã‚³ãƒ­ãƒŠï¼ä¸­å›½ãƒ»è²´å·çœã‹ã‚‰ãƒã‚¹ã‚¯ãŠè¿”ã— ã€Œä½è³€çœŒåŠ æ²¹ï¼ã€2ä¸‡5000æšï½œè¡Œæ”¿ãƒ»ç¤¾ä¼šï½œä½è³€æ–°èãƒ‹ãƒ¥ãƒ¼ã‚¹ï½œä½è³€æ–°èLiVE https://t.co/Cvtlujw5HR,1242989138694918144,ja,104,2020-03-26 01:37:58,Twitter Web App,0,290,0.13636363636363635
148,RT @kylegriffin1: Trump has in recent days criticized how China handled the coronavirus outbreak. But as the virus spread rapidly across Châ€¦,1242970601796407296,en,140,2020-03-26 00:24:19,Twitter Web App,0,409,0.0
149,"RT @AmbCina: Ad accogliere il team di esperti in #COVID19 c'erano l'ambasciatore Li Junhua, il console generale a Milano Song Xuefeng, il câ€¦",1242966908955058176,it,140,2020-03-26 00:09:38,Twitter Web App,0,91,0.0
150,"RT @AmbCina: Insieme al team, sono sbarcati 30 ventilatori polmonari, 20 monitor, 300mila mascherine e molto altro materiale sanitario in dâ€¦",1242966887681540096,it,140,2020-03-26 00:09:33,Twitter Web App,0,101,0.0
151,"RT @AmbCina: Il terzo team di medici cinesi esperti in #COVID19, proveniente da #Fujian, Ã¨ atterrato a Milano con i materiali sanitari donaâ€¦",1242966779648815104,it,140,2020-03-26 00:09:08,Twitter Web App,0,386,0.0
152,RT @AmbCina: La missione di circa due settimane del primo Team di medici esperti cinesi alla lotta contro il #COVID19 Ã¨ terminata. Ripartirâ€¦,1242966733553430533,it,140,2020-03-26 00:08:57,Twitter Web App,0,361,-0.125
153,"RT @MoeedNj: Zoon Ahmed a LUMS graduate, from Lahore, is working in Beijing for past 5 years! She narrates how Chinese fought the Corona paâ€¦",1242960891982876672,en,140,2020-03-25 23:45:44,Twitter for iPhone,0,191,-0.125
154,"RT @libijian2: Attending the hand over ceremony with Hon. #MuradAliShah, #CM Sindh province. #JackMaFoundation and #AlibabaFoundation donatâ€¦",1242960728044253185,en,140,2020-03-25 23:45:05,Twitter for iPhone,0,148,0.0
155,"RT @AlibabaGroup: Another plane carrying much-needed medical supplies has just landed. These supplies arrived in Pakistan, where they willâ€¦",1242960581122031616,en,139,2020-03-25 23:44:30,Twitter for iPhone,0,3604,0.1
156,"RT @AmbCina: E' partito da #Beijing un aereo carico di materiale medico donato dal governo cinese all'Italia. A bordo ci sono 100,000 maschâ€¦",1242820408291852288,it,140,2020-03-25 14:27:30,Twitter for iPhone,0,564,0.0
157,RT @AmbCina: Sono arrivate 200mila mascherine chirurgiche donate alla Regione Puglia dalla #Cina. Il presidente della Regione #Puglia Micheâ€¦,1242820279589576704,it,140,2020-03-25 14:26:59,Twitter for iPhone,0,123,0.0
158,"RT @AmbCina: GiovedÃ¬, da Pechino, il Presidente Xi Jinping parteciperÃ  allo speciale video summit dei paesi del #G20 sulla necessitÃ  di unaâ€¦",1242820249067585536,it,140,2020-03-25 14:26:52,Twitter for iPhone,0,45,0.0
159,"RT @AmbCina: Il terzo team di esperti cinesi, composto da 14 medici, Ã¨ partito da #Fujian con un carico di 30 ventilatori polmonari, 20 monâ€¦",1242820194357186560,it,140,2020-03-25 14:26:39,Twitter for iPhone,0,492,0.0
160,RT @CathayPak: A plane bound for Pakistan carrying N95 and surgical masks sponsored by China's @JackMa Foundation and the Alibaba Foundatioâ€¦,1242818288868044802,en,140,2020-03-25 14:19:05,Twitter for iPhone,0,2278,0.0
161,RT @ChnEmbassy_jp: æ„›çŸ¥çœŒè±Šå·å¸‚ã®ãƒã‚¹ã‚¯ãŒä¸è¶³ã—ã¦ã„ã‚‹ã“ã¨ã‚’ãƒ‹ãƒ¥ãƒ¼ã‚¹ã§çŸ¥ã£ãŸä¸­å›½å´å‹å¥½éƒ½å¸‚ã®æ±Ÿè˜‡çœç„¡éŒ«å¸‚æ–°å‘‰åŒºã¯è‡³æ€¥ãƒã‚¹ã‚¯äº”ä¸‡æšã‚’èª¿é”ã—ã€ä»Šæ—¥ã‹ã‚‰é †æ¬¡éƒµé€ã—ã¾ã™ã€‚ã“ã‚Œã“ãä¸­æ—¥å‹å¥½ã®åº•åŠ›ã§ã™ã€‚ğŸ‘ https://t.co/dQp42pepxk,1242818253044449287,ja,129,2020-03-25 14:18:56,Twitter for iPhone,0,8877,0.0
162,RT @PDChina: A team of 14 medical experts from #Fujian Province departed on a chartered flight to Italy on Wed to aid the country's fight aâ€¦,1242818205879545856,en,140,2020-03-25 14:18:45,Twitter for iPhone,0,133,0.0
163,RT @PDChina: Chinese President #XiJinping said Tue that #China firmly supports the Polish government and people in combating  #Covid_19 epiâ€¦,1242818148447014912,en,140,2020-03-25 14:18:31,Twitter for iPhone,0,87,-0.1
164,RT @PDChina: Chinese President #XiJinping said Tue night that #China stands ready to provide assistance within its capacity for #Brazil's bâ€¦,1242818046626074625,en,140,2020-03-25 14:18:07,Twitter for iPhone,0,163,0.1
165,"RT @CCTV: President Xi Jinping said Tuesday night in a phone conversation with his Kazakh counterpart, Kassym-Jomart Tokayev that COVID-19â€¦",1242818029303578625,en,139,2020-03-25 14:18:03,Twitter for iPhone,0,76,0.0
166,RT @XHNews: President Xi will attend a special G20 leaders' video summit on responding to the COVID-19 pandemic Thursday in Beijing https:/â€¦,1242817982960750593,en,140,2020-03-25 14:17:52,Twitter for iPhone,0,68,0.35714285714285715
167,"RT @MFA_China: China will provide more medical supplies to the world. As domestic production resumes, China will help underpin the global râ€¦",1242817956452675585,en,140,2020-03-25 14:17:45,Twitter for iPhone,0,241,0.125
168,"RT @MFA_China: As countries grapple with #COVID19, the world is counting on #G20 leadership. The forthcoming summit should galvanize collecâ€¦",1242817939700662273,en,140,2020-03-25 14:17:41,Twitter for iPhone,0,97,0.0
169,RT @MFA_China: China has held about 20 video conferences on #COVID19 with more than 100 countries and shared experience on diagnosis &amp; treaâ€¦,1242817907836489729,en,144,2020-03-25 14:17:34,Twitter for iPhone,0,356,0.5
170,RT @WallWallme: Doing some Sunday cleaning and stumbled across this racist @washingtonpostâ© headline from Jan. 27. #ChineseVirus https://t.â€¦,1242796961083711488,en,140,2020-03-25 12:54:20,Twitter for iPhone,0,7296,0.0
171,RT @SpokespersonCHN: 3/3 Some US official says Chinese journalists are not real ones as they speak for the CPC. Then can we say US reporterâ€¦,1242788481761333249,en,140,2020-03-25 12:20:38,Twitter for iPhone,0,434,-0.05
172,"RT @SpokespersonCHN: 2/3 The US accuses China of obstructing information flow, but when they expelled 60 Chinese journalists, what were theâ€¦",1242788469165834241,en,140,2020-03-25 12:20:35,Twitter for iPhone,0,417,0.0
173,"RT @SpokespersonCHN: 1/3 Since 2018 the US has denied visas for 29 Chinese journalists. On Mar 2, US StateDept announced de facto expulsionâ€¦",1242788459074318336,en,140,2020-03-25 12:20:33,Twitter for iPhone,0,668,0.0
174,RT @SpokespersonCHN: President Xi said in phone conversation with Polish President Duda: The power&amp;confidence in winning the battle againstâ€¦,1242788446223003650,en,144,2020-03-25 12:20:30,Twitter for iPhone,0,672,0.5
175,RT @SpokespersonCHN: The open letter by @WSJ @washingtonpost @nytimes was wrongly addressed. It should be sent to the US government. When tâ€¦,1242788432553766913,en,140,2020-03-25 12:20:26,Twitter for iPhone,0,900,-0.25
176,RT @li_xiaosi: Back in Vienna! Congratulations on the first successful flight of the Chinese-Austrian air bridge for medical supplies. Highâ€¦,1242615203981754369,en,140,2020-03-25 00:52:05,Twitter for iPhone,0,107,0.19333333333333333
177,"RT @li_xiaosi: Welcome home, the story of the air bridge between China &amp; Austria will go on!",1242615124831006722,en,96,2020-03-25 00:51:47,Twitter for iPhone,0,81,0.8
178,RT @sebastiankurz: Neben gutem medizinischem Personal &amp; ausreichend Betten braucht es fÃ¼r den Ernstfall auch SchutzausrÃ¼stung &amp; Testkapazitâ€¦,1242614720831426561,de,148,2020-03-25 00:50:10,Twitter for iPhone,0,279,0.0
179,RT @li_xiaosi: China will continue fully supporting Austria in fighting #COVID19! The third @_austrian airplane will fly to China this evenâ€¦,1242614628372213761,en,140,2020-03-25 00:49:48,Twitter for iPhone,0,63,0.35000000000000003
180,RT @li_xiaosi: Two @_austrian jets with medical supplies to fight #COVID19 are flying back to Austria. Sincere thanks to the Xiamen governmâ€¦,1242614524907155458,en,140,2020-03-25 00:49:24,Twitter for iPhone,0,140,0.175
181,"6/6 Chinese spox: Confounding public opinion, deflecting responsibilities &amp; shouting â€œChinese virusâ€ or â€œWuhan viruâ€¦ https://t.co/sbrTBC4XKX",1242469279263420418,en,144,2020-03-24 15:12:14,Twitter for iPhone,5086,678,0.0
182,5/6 It was U.S. that started the argument about the origin of #COVID19. U.S. first used â€œChinese virusâ€ &amp; â€œWuhan viâ€¦ https://t.co/eHjNOiU5lc,1242468282814226437,en,144,2020-03-24 15:08:17,Twitter for iPhone,8161,1113,0.125
183,"4/6 Many in the U.S. opposed the use of â€œChinese virusâ€, saying that it is bald-faced racism &amp; xenophobia, &amp; it wilâ€¦ https://t.co/pdl5wcJ2ta",1242467229024653313,en,148,2020-03-24 15:04:05,Twitter for iPhone,3320,466,0.25
184,"3/6 Chinese Spox: WHO believes that we should avoid calling #COVID19 â€œChinese virusâ€. â€œThis is the time for facts,â€¦ https://t.co/KNUPj6r731",1242466805995556864,en,139,2020-03-24 15:02:25,Twitter for iPhone,3695,521,0.0
185,2/6 Chinese spox: EU High Representative for Foreign Affairs &amp; Security Policy Borrell said the virus knows no bordâ€¦ https://t.co/0oGW2iRpQ0,1242461838794616836,en,144,2020-03-24 14:42:40,Twitter for iPhone,3642,498,0.011666666666666667
186,1/6 The world explicitly opposes linking #COVID19 with any specific country or region &amp; opposes stigmatization. UNÂ â€¦ https://t.co/RCEnqsnaH4,1242461495117529089,en,144,2020-03-24 14:41:18,Twitter for iPhone,6015,1032,0.0
187,"#COVID19 epidemic once again proves that mankind is a community with a shared future. In the face of #COVID19, howâ€¦ https://t.co/q05QhWVH8m",1242117540056358918,en,139,2020-03-23 15:54:33,Twitter for iPhone,16019,2343,0.15
188,"RT @USATODAY: Race and global health experts argue describing COVID-19 as a ""Chinese"" virus exacerbates xenophobia amid the rapidly unfoldiâ€¦",1242043301852639234,en,140,2020-03-23 10:59:33,Twitter Web App,0,206,0.0
189,RT @jbouie: â€œCOVID-19 Determined to Strike USâ€ https://t.co/8mPGcbblJF,1242040662427484161,en,70,2020-03-23 10:49:04,Twitter Web App,0,524,0.0
190,"RT @shaneharris: New: U.S. intelligence reports from January and February warned about a likely pandemic. https://t.co/sx2dy0l3nM by me, @gâ€¦",1242040622636077056,en,140,2020-03-23 10:48:55,Twitter Web App,0,5424,0.06818181818181818
191,RT @BCAppelbaum: A big reason the Senate can't pass a bailout bill is that Republicans are refusing to require big companies that get bailoâ€¦,1242039667442106368,en,140,2020-03-23 10:45:07,Twitter Web App,0,6259,0.0
192,"RT @gabriel_zucman: How not to prevent a Great Depression:

* Let tens of millions of workers be laid off
* Random bailouts for whatever thâ€¦",1242039478849433600,en,140,2020-03-23 10:44:22,Twitter Web App,0,2251,0.15000000000000002
193,RT @K8brannen: The federal government's complete abdication of responsibility in the face of this crisis stuns me anew every night. https:/â€¦,1242039276998553600,en,140,2020-03-23 10:43:34,Twitter Web App,0,277,0.1
194,"RT @CGTNOfficial: .@jbouie at @nytimes published an article named ""Don't let Trump off the hook,"" saying that the reason he U-turned from pâ€¦",1242038714039029760,en,140,2020-03-23 10:41:20,Twitter Web App,0,199,0.0
195,"RT @nytopinion: ""Trump failed to act when it was most important, and now his allies are flooding the zone with rhetoric meant to move attenâ€¦",1242038569046142977,en,140,2020-03-23 10:40:45,Twitter Web App,0,438,0.13333333333333333
196,"RT @CathayPak: A Pakistani student in Hubei, Shaheer Ali said: 'The Chinese government prioritised individuals and took as much care of Pakâ€¦",1242030866869542912,en,140,2020-03-23 10:10:09,Twitter Web App,0,205,0.1
197,"RT @CathayPak: Here are some messages shared by Chinese scholars and students of Urdu, â€œwe are togetherâ€ at this moment to fight COVID-19 hâ€¦",1242030733524262915,en,140,2020-03-23 10:09:37,Twitter Web App,0,748,0.0
198,"RT @CathayPak: Here are some messages shared by Chinese scholars and students of Urdu, â€œwe are togetherâ€ at this moment to fight COVID-19 hâ€¦",1242030710233292801,en,140,2020-03-23 10:09:31,Twitter Web App,0,410,0.0
199,"RT @PTIofficial: Media has an important role, please ensure that there is no panic. We have to fight this together. The key is to practiceâ€¦",1242030693393162240,en,139,2020-03-23 10:09:27,Twitter Web App,0,112,0.2
